9.208584080976642827e-01,4.501900426325280424e-01,-8.611331096338548097e-01,-9.870456351080454382e-01,3.912479038177327784e-01,-7.006477869598290997e-01,2.423807089761560452e-01,-3.706873489640780672e-01
-2.685270395752889505e-01,7.938669636868984636e-01,-2.316350398290250023e-01,-5.840167142409793399e-01,3.941811064233992079e-01,3.122307989512616011e-01,-6.164439570349903308e-01,7.202866947383426144e-01
3.600421773842982787e-01,-3.465811281757810031e-02,5.755959334584519471e-01,8.205260094869881726e-01,-5.220062699258994909e-01,-8.842720866387059342e-01,-1.570867157869024977e+00,7.620784297617390068e-01
-2.805632575027482423e-01,-9.663746596428274271e-02,-9.107718303865358633e-01,-8.372841253059696287e-01,6.789269384774330174e-01,4.434180291543934893e-01,1.802003908306387403e-01,5.423160453374699097e-01
9.840114209687160496e-02,-3.507586059124305766e-01,-6.737997914992295279e-01,-5.704324069395827479e-01,-2.694798956068096829e-01,1.045868070351498591e-01,2.903912100512853200e-01,7.270739512319546183e-02
4.408377607002380572e-01,-3.911059972949991193e-01,2.020495413747303848e-01,8.485990322668505170e-01,5.533815712776286588e-01,-8.554582166133478660e-02,-3.236784278657115488e-01,-7.533747945859576856e-01
-3.550989917549972619e-01,-2.924772377346798388e-02,7.473195340559612987e-01,-1.922971209994120412e-01,4.931440091074374421e-01,-2.679536732742213712e-01,5.479010436150382191e-01,7.651384572360111491e-01
-4.483620151390004666e-02,6.750294650662776175e-02,-8.583113313664807453e-01,7.792852044124918276e-01,7.075148449189109234e-01,5.011226340614555186e-01,-2.119224298713367760e-01,-4.105451419669682300e-01
8.798144359801285397e-02,-8.720097652028826474e-01,3.081680588426838341e-01,7.690809582161737268e-01,-8.745162201326805995e-01,3.251269025532566026e-02,-4.847759567901528399e-01,6.848416424010761450e-01
8.175061422031076885e-01,3.895397296483962268e-01,-9.644037550871837894e-01,5.853961664682532096e-01,4.864125809425184355e-01,-9.675875518610689563e-02,-5.242834785901371308e-01,7.238341202801301666e-01
-4.902276376426913940e-01,-7.135798140531908196e-01,-5.414755844078671387e-01,-3.948712018321911404e-02,8.266753093219439963e-01,-6.109211234046348776e-02,1.035902929575240189e-01,-2.123246546482363828e-01
7.804580592235913494e-01,3.133961905429798467e-01,-4.145238022084594687e-01,-3.464151596961974056e-01,9.930253009361941219e-01,1.100643075240534535e-01,3.618060565998189593e-01,5.119818689180685167e-01
-9.075812151083988422e-01,-9.942930541050076787e-01,-9.583696558367804652e-01,-6.625696029582601732e-01,1.684145789795312709e-01,-3.261946429442783568e-01,-3.747622785317239469e-01,-3.143888850273066637e-01
5.628487878553964374e-02,5.622697942185753694e-01,-6.131669961154516679e-01,7.444768495143147535e-02,-1.886673865499154806e-02,1.144392290896073527e+00,1.404353640893399202e+00,6.900832863357859726e-01
1.737164497300445198e-01,-9.334018870479794394e-01,-1.616477404876981439e-01,-4.459754765905747931e-01,-8.117116193710498528e-01,-9.104227470010872736e-02,3.766432808026489720e-01,-1.512569230169931167e-01
-1.111090826297363776e+00,-9.118856671257775659e-01,-2.055566821154520829e-01,2.132898414627230899e-01,-8.864395963942263146e-01,-9.485390500488044552e-01,-4.526245508999737210e-01,1.728294863163289119e-02
-8.925141772426974374e-01,-3.870521718195374938e-01,-6.553056215970990417e-01,-3.897340834911579288e-02,6.550290706804985374e-01,1.133268457900947768e-01,5.568560636036151701e-01,-3.370833651181813218e-01
-1.124585382703464198e+00,7.680473473657661865e-01,-8.885988702356706348e-01,-4.414698469066914432e-01,-2.984743419477258741e-01,4.514501308378209288e-01,1.217385353197562470e+00,8.616642024385814391e-01
-1.829551860393785478e-01,7.417622487922144181e-01,7.169742880161844578e-01,2.845135971135261399e-01,-8.172417101070003076e-01,5.756990802562237386e-01,4.291292136600684259e-03,3.789160568597440548e-01
-5.886261622134618676e-01,-1.663036717853063617e-01,7.282025728197140113e-01,8.094731437012956388e-01,2.640872860410759318e-02,-2.904343620374340573e-01,-6.312034503447269129e-01,-3.187530249106915181e-01
2.594985688775438559e-01,-2.410896503915546940e-01,-6.138703832483147771e-01,-4.099180897680981261e-01,-5.368721062567914926e-01,1.290234790204830007e-01,1.640157059331145695e-01,-3.508534310009318036e-01
7.642560813101260120e-01,-6.099788281390143563e-02,1.699312493782997868e-01,-3.695112641226538375e-01,-1.080907233534091239e+00,2.080238470838889908e-01,-8.750775422875639586e-02,-1.426831545252381719e-02
6.503815172372915399e-01,2.095893690740673609e-01,-8.115149314057957808e-01,-5.539841150105789813e-01,3.806542979391768222e-01,-4.996882680347515260e-01,-2.263541921660289571e-02,-7.919805825781500719e-01
8.494181840687280438e-01,-9.627685014498691407e-01,5.249096782310178622e-01,-5.100847238518658733e-01,-8.261959503304470986e-02,6.673265780473236486e-01,-1.320707275939526082e-01,9.182403623662426240e-01
-3.272661322041119369e-01,-3.226103306318095498e-01,-2.972540611879415096e-01,-8.314533328381932265e-01,8.660328297884543058e-01,-3.533324240678743511e-01,6.117781115607607845e-01,-9.853593442515307110e-02
-4.829865586332205973e-01,1.095176395103605038e-01,-1.039805700072038430e+00,-6.594945107709795362e-01,6.187976842042991477e-01,4.971423810568456059e-01,-6.458480767574132919e-01,-5.029252886124035982e-01
-3.962311542888581339e-01,9.531176751494574440e-02,9.248464939738589852e-01,-7.668400980519103349e-01,1.502166507976609999e-02,3.678120365832611149e-01,7.589425195630101761e-01,1.121509127313080612e-01
-7.050275104174942298e-01,4.656712169780416466e-01,6.765043578912699473e-01,-1.048857802846166809e+00,-7.692223310019751237e-01,-1.640003325804251233e-01,1.305902057260782956e-01,-3.263677508178507991e-01
7.592735883790577844e-01,8.606722922822512833e-01,-4.083862628662665029e-01,4.757369473221369494e-01,6.778311864741743964e-01,-3.852002742880718533e-01,3.408501048355177532e-01,9.353991367341898400e-01
3.127718885397753196e-03,4.537915550637928730e-01,4.031541808948467809e-01,-1.724983343763740740e-01,5.295563409983436998e-01,4.665225723395408086e-01,7.261900861923593631e-01,8.061968850362720707e-01
4.182641707751989513e-01,6.928049916751961579e-01,-1.693723844560978131e-01,-5.742933596983061939e-01,-1.956948870761045789e-01,3.285309686172328547e-01,5.021862127329964620e-01,-2.646171027174947787e-01
-5.209264646951949906e-01,6.404696310824371519e-01,1.233981814920075692e-01,-3.237326343486180424e-01,2.916824551998812298e-01,8.209474837202182518e-02,-5.699037064603197367e-01,1.077086056213949705e+00
3.010100667049695478e-01,-3.213097061059273507e-01,8.450354695453698994e-02,7.093676644066881920e-01,9.451936289727986829e-01,-7.964794663269136876e-01,8.012860459748361031e-02,7.999771419940360229e-01
-5.443985309078229751e-01,-4.682616435735726945e-01,3.606586381017772847e-01,7.330434545160163795e-01,5.021116645135654810e-01,-2.453772752232605825e-01,-7.679036284990414796e-02,-4.644541694671594501e-01
-5.721384262782502894e-01,7.644961509550618484e-01,-3.799628287593148634e-01,-4.970800864658844187e-01,-9.638377717927637534e-03,-5.984640232872728838e-01,-9.444654782881971578e-01,9.217935984436702590e-01
-5.499912781646908444e-01,8.926647720597820079e-01,5.688721884313145960e-01,-9.344340942907547465e-01,-2.269156948025120857e-01,8.463329727424405702e-01,2.842342020307004335e-01,7.886051496325598986e-01
-7.675971925928207762e-01,-5.687465528637327544e-03,5.170047788997602645e-01,6.103480018868776003e-02,-5.027885094794788401e-01,-3.069656365850337854e-01,-4.560861162520593592e-01,8.343822549900102858e-01
-1.166404665237408489e+00,-9.362972359230650188e-01,-1.820690238625654045e-01,-3.571973744483561974e-01,-2.999748455184275686e-02,7.442065777826555317e-01,2.971873914901994040e-01,8.089221094430123493e-01
-5.366527698931832235e-01,-3.726414248957506947e-01,7.244956480078555972e-01,1.673397734375356438e-01,1.079576115241365653e+00,1.046612152941881202e-01,-5.733865182477772965e-02,-2.871385754454034434e-01
7.895172014180730224e-01,-5.146807019083479151e-01,-7.240920844826619351e-01,-9.483737055399320548e-01,4.372394082589397546e-01,-1.524114761549862473e+00,-5.215162626369270749e-01,5.770480244108751045e-01
-9.423850983614258103e-01,2.344338396818441417e-01,3.695704087003592875e-01,2.154735598281338205e-01,4.212023387442583866e-01,-1.122449268666065425e+00,-4.552697287459466780e-01,7.236711032555170897e-01
5.228119037622741549e-01,7.072736805633237367e-01,-2.678017555660419657e-01,-2.098488401519253421e-01,-4.364828502903365104e-01,1.251433843483912511e+00,-9.137776375758672742e-01,1.041326926943217490e+00
8.265813293343164947e-01,-6.966434238153003111e-01,-6.998625852029300987e-01,-7.944011459513338202e-01,5.013224601212977749e-01,-4.648404285476093190e-01,6.699655450297647974e-01,-3.059729175900827158e-01
-2.506862431909224198e-01,3.477924682103840648e-01,-8.594948561573199919e-02,-5.315398771932524635e-01,8.256798197251253857e-01,-7.437552835051751687e-01,-8.620797651137286632e-02,8.856959180200056903e-01
-3.842160663401451570e-01,3.149343527779494001e-01,-2.891740773736167225e-01,6.550148073719109787e-01,1.179643099792351046e+00,-3.490536690058502201e-01,-1.520321929756663026e+00,-6.493716906660466082e-01
-7.708898961908676739e-01,-7.184517115161612733e-01,1.168610958913369746e-01,3.529594809847296233e-01,-7.990886350753931833e-01,2.486944375577493371e-01,-4.845889240377967422e-01,7.673362579568832054e-02
8.678130145830541542e-01,-5.039298382045505342e-02,-8.281589915886032882e-01,-5.124749708014277871e-01,7.752461987532573984e-01,6.289517643234793232e-01,-1.487737500001223845e+00,4.294304766643138316e-01
1.427392042410349227e-01,3.062523017139142656e-01,-1.351077911104587859e-01,2.422668683349462615e-01,7.866357626381290657e-01,-3.395057998187893666e-01,-4.233966464726739432e-01,1.920358110157671661e-03
4.690543949687281389e-01,-7.953688312985924824e-01,6.099287715289786194e-02,-8.786578411963683610e-01,-1.967793915551178940e-01,8.583364738098130386e-01,-8.346298261062785606e-01,8.348695946518431832e-01
6.249303413854720990e-01,-5.365505115708184558e-01,-4.828511739909835399e-02,-1.473561528503997131e-01,8.769648142586516926e-03,-3.308066576605828146e-02,-3.100955096029316405e-01,-8.428438389346739612e-01
1.513236068014607305e-01,-6.912912355204243742e-01,3.738496893277782895e-01,-8.948374773173892738e-01,-2.741148569941187496e-01,-8.898340543371285882e-01,1.879680418086784321e-01,5.625598861435663345e-01
3.019134934903604517e-01,-9.221103398394767670e-01,1.898518293008006896e-01,-2.825888415894608485e-01,-5.955939632301108233e-01,4.045134372283878399e-01,-9.613527995323909447e-01,-2.024185870615542449e-01
-1.105727081588925076e+00,2.662406840282927414e-02,-1.076748766080517727e+00,7.505655171753324861e-01,7.281864562883998415e-01,1.224792640007390104e-01,-1.252944205934148070e-01,-7.760514219921590406e-01
4.851581398212854168e-01,9.134371922154012058e-01,5.172410572035062160e-01,2.359917705248180120e-01,2.325803279178821903e-01,6.959121937890104803e-01,-9.799965992854227093e-01,-6.495320675259486087e-01
-4.123160513671113581e-01,3.839053755753450425e-01,3.581924432862373386e-01,-2.344955713126260222e-01,-3.170118501028092450e-01,3.770821677608410805e-01,5.850130386532120808e-01,4.618370952270230423e-01
-4.086777071440365061e-01,-7.975879185802459137e-02,-6.317624064953339391e-02,-7.464389533934283616e-01,-9.508908564587986723e-01,-1.875790681104503310e-01,-7.119188748351605867e-01,8.142568727877312895e-01
-5.263963532694343472e-01,-9.680743537688575318e-01,-8.664681717462668908e-01,-2.927284732174950110e-01,-6.125773727739592944e-01,-7.716795633632077545e-01,1.805696043615420410e-01,1.104929093185205602e+00
-6.778350729622695248e-01,-5.449494065546536259e-01,4.535719100331901954e-01,5.050293068143305586e-01,-4.062574677929768341e-01,1.615800568324007314e+00,-4.155696795920909015e-01,5.544564426153092418e-01
5.435939770049298403e-01,-9.859287987672024078e-01,6.559051180447083018e-01,-4.296289661534217208e-01,1.026560421252040944e+00,6.342790051641747917e-01,5.296663823098160528e-02,-9.646020541346632671e-01
-2.878281474291660147e-01,-3.541248401989523231e-02,-8.340119195739187363e-01,6.326046544226940904e-01,-2.356185276404394180e-01,-6.530124981145986052e-01,-3.247004866485415642e-01,-2.949807318182465776e-01
2.888262763306852568e-02,-1.976192561416320881e-01,-8.212754810025431063e-01,-7.239206600733376351e-02,-7.287174628917173491e-01,7.757775057455676970e-01,-4.143057954506442764e-01,-3.085658815515444076e-01
7.669286320473323038e-01,-9.076403088896324300e-01,4.810401482069280588e-02,-1.054077080566188540e+00,9.956654234408442855e-03,-5.559489774957724340e-01,1.145848083364141567e-01,-1.102109860762132243e+00
-1.320126456871572318e-01,-8.968128615282213723e-01,-4.212961703959612336e-01,-5.586859753923324456e-01,4.285205677119801604e-01,2.691336774793362530e-01,-4.637999435158253192e-01,-3.407055575576609652e-01
7.592724416962194356e-01,-6.334741794470797327e-01,-9.263168325015362914e-01,-4.724327184806381141e-01,4.501189445569048209e-01,-3.400404749533376680e-01,1.587149399083485068e-01,9.614498570667948663e-01
-7.833509744069288017e-01,-4.439897329592659703e-01,8.643861235470473581e-01,9.920075814553810933e-02,-3.918508067639796533e-01,7.331484531977060515e-01,5.342165458375038034e-02,1.886321149261835917e-01
-8.078732630075186050e-01,8.230841475121012385e-01,-2.757695710025920288e-01,-3.851150082131625796e-01,2.559217329273195118e-01,-6.801813546798319843e-01,-2.919297633614175158e-01,4.237859109016146042e-01
-7.033660686087825908e-01,-2.563663309400521229e-02,-2.743577631223514945e-01,-1.567802862828286958e-01,8.967754024526390921e-01,-2.026732313312473721e-01,-8.072580194183549551e-01,5.862378997433532746e-01
-2.224578475837139802e-01,-3.059438330349132373e-01,1.417013982421074791e-01,4.729466430186770043e-01,-5.588825469292215686e-01,3.524972170476058375e-01,2.250190685550580438e-01,6.602006502608323002e-01
-9.486777308108206297e-01,-8.156040995837054997e-02,3.188341840815083761e-01,-9.470884245235580701e-02,-9.015760948346573933e-01,-4.812457224576922599e-01,5.250313974716855903e-01,4.563332164306166949e-01
-8.940877989507109991e-01,5.385045627197502238e-01,1.994857294898082778e-01,-1.109184556048006254e+00,-3.133743787967684935e-01,1.019830866246765888e+00,2.774704593394305419e-01,-1.034535753626008470e+00
6.164839591080196746e-01,-1.008066340628795132e-01,3.765198131771353984e-01,3.612738966631660609e-01,5.634050933593451882e-01,3.850984354829067868e-01,-5.219853364240474303e-01,-5.923193833769824224e-01
-2.619125517155007979e-02,6.849073313626437010e-01,8.079838114073252253e-01,-1.136104725316844144e+00,2.994978573150482992e-01,3.710916073956742611e-01,-7.598657125222647579e-01,8.003428711090005976e-01
7.799948694156949580e-01,-1.816938049175882974e-01,-1.264001057949359352e-01,-1.168276163120454347e+00,3.403328326263365122e-01,4.759103465697923641e-01,1.740162663593904924e-01,4.707236221649377383e-01
1.538769671718521748e-01,-7.569295231737567242e-01,-3.095470808279786670e-02,-3.684382540976638420e-03,-3.294660914742933988e-01,-9.277367033765124282e-02,-2.080632061746241490e-01,-5.567771440357154322e-01
-2.629701138696964313e-01,-8.871487850390796792e-01,7.496749978174815920e-01,2.130177418805112022e-01,9.211868254839493675e-01,-1.890871621351955856e+00,-7.870038415070577109e-01,-1.188020263846539359e+00
-2.666250744646654347e-01,1.853430839792232776e-01,-4.957814846566298006e-01,-4.517915416816185581e-01,7.414778670296493512e-01,-4.024100354694991055e-01,3.739512085872850333e-01,-1.074916162096365202e+00
2.539646107704601752e-01,5.000971882260039081e-01,6.940590199743590372e-01,-5.327002167532483012e-01,-1.483722939191538595e-02,8.706624293177103180e-01,-6.673532260067416289e-01,2.133875661055973164e-02
6.974334554375259954e-01,-1.735997417116767472e-01,4.379589834342417082e-02,2.754591281093186073e-01,-6.324314889785938032e-01,9.746092795941069253e-01,-3.110330567796520396e-01,1.018519599541536147e+00
8.701021512369004896e-01,-4.455384559046762227e-01,8.756817694646896744e-01,-7.590580192329778875e-01,5.736396464484672109e-02,2.313848659914770067e-01,-5.226313489110676613e-01,5.801361320783124942e-01
-7.700617122852393415e-01,-2.080343765207584295e-01,-3.030379235712942210e-01,-3.136608089081448503e-01,5.518759761536798925e-01,-7.811602056695000629e-01,-1.129753194471883271e+00,-4.311024089922252944e-01
2.438445802219006420e-01,7.330118490174039048e-01,-9.635469124658746498e-01,1.902541500022500096e-02,-1.248036591278962881e-01,6.932929780599866865e-01,1.009211541790283780e-02,7.431398572643898026e-01
6.123090204646973456e-02,-3.316312436818011911e-01,-1.084523215852719158e+00,-1.032340262590352609e+00,-2.262796594566229558e-01,-2.856184339101501546e-02,9.303159969204344293e-01,-4.275064966088875096e-01
6.887670253556592570e-01,-8.348524666622572088e-01,-1.768351404636991364e-01,7.025624335232210083e-01,2.620353110316072098e-01,-3.354753022273015417e-01,1.221188309682852191e+00,1.082809515443960535e+00
1.807481534496859776e-01,-5.346278048428447782e-01,1.488783905601076540e-01,-9.401267123186176633e-01,-4.911422567940466610e-01,-2.746879122424172870e-01,-1.434277064632432097e-01,-9.754519682708706618e-01
-6.716618719569136253e-01,2.335213175390437601e-01,-5.712864820509057084e-01,-3.615081158423982255e-01,-2.511133943003932001e-01,1.160067091668242956e+00,6.097372501502889008e-01,5.784894594942970869e-01
5.572071500832977975e-01,-4.202311105503442334e-01,6.448871694195272841e-01,7.000155360440905028e-01,6.940384452264618531e-01,9.773764708253269706e-01,3.495228234302623083e-01,-6.096463464902837082e-01
-9.843530910883414864e-02,-7.336711659627467297e-01,5.336457665084080038e-01,-8.939676372139275795e-01,-4.601177109440356960e-01,3.846965442968098281e-01,-3.565354182503554514e-01,-1.054587856643056432e+00
-8.135790371269824295e-02,-9.026277262213970864e-01,-1.965031301729879276e-01,7.396812538955727101e-02,-7.442798009609586929e-01,5.709051614364596405e-01,-2.598669244503377107e-01,-1.675304033793199171e-02
1.871105207818821725e-01,9.764960540928391275e-02,3.668405109228773386e-01,3.580489739778158209e-01,1.544194793942730570e-01,6.527202388664358201e-01,4.777079597726376359e-01,4.815726955763956901e-02
-1.385577828230400155e-01,-9.215903293951290820e-01,-8.945091773004728575e-01,4.686909670808066530e-01,7.097249596222515722e-01,-1.480938683255871025e-01,1.046491411932265692e+00,-6.137494643998651078e-01
-2.830142569922015072e-01,-5.553684819371865755e-01,3.352896529481313448e-01,8.042196138481805257e-01,5.878515108493955754e-01,2.024938302153499736e-01,9.140179765807157075e-01,-3.615490950803285086e-01
-2.364926104446276600e-01,-4.402265096483646417e-03,-5.222229409879936002e-01,8.208188532648745817e-01,-7.501392461807694367e-01,-1.414789235827028091e-01,-1.342071329474625076e-02,-8.375820688574250328e-01
-7.476043469353178539e-01,-7.684524818321826212e-01,4.660728646167994205e-01,7.420172380927394507e-01,-3.104562546871890150e-01,3.376506760524936035e-01,8.433037942362340278e-01,-8.734202299565126948e-01
-2.526306761759868902e-01,5.293309865255197977e-01,6.854853390687567494e-01,-1.176372612663640904e-01,4.290541332968582644e-01,5.456735272969632788e-01,2.398469276961328056e-01,7.140243560956827107e-01
4.453955904861293114e-01,6.798060362480191632e-01,-3.627301766431856311e-01,-5.618473942499364604e-01,3.570915050696130688e-01,-8.424898342599906886e-01,-6.253852707412537182e-01,3.008999062585417938e-01
-3.706508491911297831e-01,-9.243169059432427836e-01,-1.010770889096665348e+00,-8.549571393369139738e-01,-8.638780313356803076e-01,3.194330943715137372e-01,1.608909686025119246e-01,1.296461859297561373e-02
-6.889732081824355703e-01,-2.382804494574764231e-01,6.179400521860877182e-01,8.652131234152717898e-01,-4.383969254722907549e-01,-7.030078519794435987e-01,-1.903710597709411811e-01,5.074316282822589619e-01
2.120017448834554674e-01,-8.404243382749536639e-01,-3.308538777106286854e-01,-3.007531670002578927e-01,7.765437726844937050e-01,-3.555351872461942619e-02,9.338475480824373065e-01,-6.034802850374276773e-03
-9.090005417863926684e-01,4.870825160217014393e-01,-9.241794028310056364e-01,6.523718158344666840e-01,-1.205782277748463083e-01,-7.123634521488027005e-01,-3.500005961295108992e-01,9.126263690949822927e-01
4.218117159486584056e-01,-1.707856843166063454e-01,-1.417649537416177177e-02,-1.035929064943867051e+00,-5.982190068080782686e-01,1.743272272085023000e-01,7.835757944596759561e-01,-2.543793373210105346e-01
5.419044373506624046e-01,6.687929973644909931e-02,-9.970540767084239420e-01,-8.520521042709374715e-01,9.921451622424538597e-01,2.412834514341486436e-01,-7.252911507105208599e-01,-5.947711943712905569e-01
7.554383761523615626e-02,9.042925288505165859e-01,-6.771945200874298666e-03,-1.312157529149482194e-01,6.402768481516813992e-01,-3.392599483903476626e-02,-1.220171443199389971e+00,-3.763122990814486424e-01
-5.313441365176300168e-01,2.485869482706538295e-03,6.554619600755673403e-01,-1.627202706869576854e-01,4.402272117494843706e-01,1.130413610565692145e-01,1.099154227700515962e+00,-8.722133416340537293e-01
-7.210094437919981614e-01,8.527670114159626724e-01,2.896532589864990181e-01,8.050122859981819756e-01,-3.277070168421730156e-01,-7.316271060032513152e-01,-7.491297813725710242e-01,7.725515986801549939e-01
-3.801449464110118193e-02,-5.820653505460477994e-01,2.328266713717606073e-01,-8.202048449163290567e-01,2.833318155656174842e-01,1.418281214894687725e-01,-7.878444145916216890e-01,4.930087576326904752e-01
-5.095874534961352120e-01,-4.103620370606875234e-01,-3.221508545759192016e-02,6.138291278373475546e-01,3.353870376616264748e-01,-5.586445934957467996e-01,6.760830659134917653e-01,-9.437821231813164902e-01
3.309013313248218013e-01,-5.385610710470793983e-01,1.715944371703494523e-02,5.237549304729827160e-01,6.763654321776375600e-01,3.164914416525924645e-01,1.171333920054179689e+00,-1.402146018562380192e+00
5.455952210346539655e-01,4.469350805437977137e-02,7.620199863323593448e-01,2.928018551642757039e-01,-6.696995340505269567e-01,9.265511448581567056e-01,-7.716549210527798852e-01,1.156709469306538285e-01
-5.125444296719724457e-01,-7.023067903996893513e-01,-1.152630579472513628e-01,5.728397112610255082e-01,-3.499584964770486861e-01,8.223865643193216668e-01,8.901240069938940458e-01,-4.817819170914772742e-01
-8.004931251814731974e-01,-6.936562237171386425e-01,4.730657229498883010e-01,6.054436747597524704e-01,-1.886794106984348018e-01,2.314321478585233682e-01,7.608897585501841476e-01,3.199762622626379227e-01
3.029606257658168378e-01,-4.351487633359782947e-01,9.061541727068547214e-01,9.350644298358548046e-01,-2.442546685463269363e-01,-3.421501131101289950e-01,-3.212310260404265261e-01,3.866453835627474689e-01
-1.421562853101098756e-01,-2.557391522518139282e-01,3.013659107850252261e-01,1.529875823395248358e-01,-3.201701172795199946e-01,-3.779479209633071490e-02,-1.062492437672038603e+00,-7.130369895377872691e-01
2.581489085870770639e-01,1.885439295397186021e-01,-2.029549927512538376e-01,-1.806805765723276669e-01,-9.208371168791772421e-01,-3.183610436634185525e-01,8.439842006814091135e-01,-1.021458715910900927e-01
-3.561467864607090750e-01,-4.391347161141505584e-01,4.886136286798898887e-01,6.137946606706945474e-02,-3.446675627637674211e-03,5.217291963958610168e-01,9.024576357343616628e-02,9.203717837476443897e-02
-2.982297794793926093e-01,8.980680214149827645e-01,7.064138760619310675e-01,-1.055305175587841315e+00,-7.501482193441634250e-01,6.976284547026125049e-02,-2.042368106241344017e-01,-2.809215471309896572e-01
-3.774332504091720830e-01,4.578468018085508628e-01,-1.327874754352643127e-01,-8.328832825668346096e-02,-7.306173552673258520e-01,-7.839208047128684020e-01,5.242073624240440877e-01,3.804416457615171776e-01
1.741842179832982229e-01,3.931898215105761318e-01,-4.031522242477601770e-02,-1.069153947519081438e-01,-6.941833268054909967e-01,-1.002061051867901176e+00,-5.678970863990457918e-01,-8.888612263667500235e-01
-3.725196954465977983e-01,6.115151404228118537e-01,-5.255917461449601813e-01,-5.453632282240266083e-01,-6.705641416334836569e-01,1.655763725217493376e-01,9.203443247819760309e-01,-7.485893381207351371e-01
-5.648496400592984967e-01,4.256392918303627537e-01,2.417653162264421784e-01,-5.615277783182126559e-01,-9.358623015066833695e-01,-3.081617567335596108e-01,8.965759863746304570e-02,-5.006054857017669946e-01
1.113586731196079399e-01,-4.958776139486034684e-01,-3.572342802430803488e-01,5.703642645222842811e-01,7.526966254282833058e-01,6.783768238930458772e-01,8.137712785241991709e-01,2.787913779998359431e-01
6.690703721907562684e-01,3.589218317416373871e-01,-4.755410939088464684e-01,-1.295501905424840672e-01,-9.360921283435355011e-01,6.951501621040878653e-01,3.170733079553096356e-01,-1.107947416446755096e-01
-5.204942496021824905e-01,-9.880409928577842393e-01,9.164565318317094977e-01,9.969590143619464495e-01,4.475730835901381433e-01,-4.636459698681505426e-01,-8.202184142538899714e-01,-8.394000359728752692e-01
-4.225159473625749174e-01,-1.023750725132168915e+00,-5.918734419009714642e-01,2.643786671456722082e-01,4.729116303316840408e-01,-6.495184498295042408e-01,-4.659817251089807821e-01,-5.655001507668671046e-01
-7.485970153852483655e-01,-8.521556189880076237e-01,1.789178841703915057e-01,7.236815343461877603e-01,3.308143753826769395e-01,6.157907080503570718e-01,-1.174250901070158060e+00,6.568170193540090462e-01
-2.100641125988997882e-01,-1.499811086421505291e-01,1.137451659004338200e-01,-1.827145015488464974e-01,9.914574906324915560e-01,-9.386972683405720996e-01,7.297162390296658696e-01,7.150450706333564277e-01
3.845024380642975137e-01,-1.609282971410684326e-01,5.052828649371274849e-01,7.284049332849006353e-01,-8.561727460552636115e-01,-6.684012402343897374e-02,-6.079301447508206335e-01,7.229187005751072093e-01
-1.051639276480482998e-01,-3.456068316284595099e-01,8.312900231648792104e-01,-5.649758037975399771e-01,3.193303107744523972e-01,-4.600204166883213874e-01,-1.408644072117636092e+00,-3.884516603912466226e-01
2.857041627803923456e-01,1.589037255241165236e-01,-9.254511321365324616e-02,2.382089929129930020e-02,-8.193138179669431365e-01,-3.456850013669543475e-01,-8.672781858325588900e-01,9.670132065783429987e-01
5.026940094424973138e-01,-5.969264950099861800e-01,4.877428626100557274e-01,-8.478689035256773421e-01,3.674379491459643376e-01,-1.312944416775861933e-01,-1.226472315187398632e+00,1.345738480630358280e+00
9.903055501243638314e-01,-6.801770226408636599e-01,-4.456439451060072443e-01,-5.925094832841804049e-01,6.694006073270619694e-02,-7.673842772440959692e-01,-6.490927607182295223e-01,-9.719376695467774052e-01
-2.068615144211837231e-01,9.398488186064295480e-01,7.057758190968654866e-02,7.102988305237263322e-01,-1.132999967463464097e+00,-6.198088588538147592e-01,-2.248644384017799980e-01,-3.374398300435534903e-01
8.180732546137877703e-01,2.485025818127243324e-01,-1.797667566011055262e-01,-5.793939985327820619e-01,5.259204533260363190e-01,4.055003416519620263e-01,-3.390033332255285026e-01,-1.009101411884527399e+00
4.659700054614083209e-01,-6.907301845846620936e-02,-2.957188407448881340e-01,-4.047825370641769949e-01,-3.697987925172566692e-01,7.582350462119502588e-02,4.307000972882348011e-02,8.389432293691634346e-01
-1.193888067154482702e-01,9.514864847904842549e-01,-7.731892498778802914e-01,-4.689400827304197605e-01,-3.636987999391489979e-01,-1.181917355657717827e-01,6.837150654742565337e-01,-5.535388050988618858e-01
2.037678011809678225e-01,1.404734308269173226e-01,-6.047287347342125141e-01,-4.597267286884987314e-01,-8.150965247885229026e-01,-7.887615081688090779e-01,-6.167709708010726821e-02,-2.861948991416163324e-01
-1.284440540220253002e-01,-5.438653662048513748e-01,-4.116968370255434384e-01,-3.712965224934235975e-01,-7.436875492527058595e-01,-9.063861144038879436e-01,-8.279758123072955556e-01,2.759084094065398785e-01
1.804368714939521556e-01,6.155561542443894751e-01,-1.073535601047858501e+00,7.280330780396890855e-01,-9.143023240156745723e-01,4.164657283889146022e-01,5.271558733463560520e-01,7.811531133149862693e-01
1.199146857275979264e-02,-4.920015843445295634e-01,6.383238613072814704e-01,-3.531446017191957609e-01,-3.307673704251580804e-01,6.670333653612032787e-01,-4.920846671166795999e-02,-4.888859841633137471e-01
-1.558268347330300507e-01,-2.736991273779059153e-01,2.379823576200235102e-01,7.555119510062824340e-01,2.244831608282642499e-01,5.963128666450481230e-01,5.188496021739446018e-01,-4.969926448708970046e-01
-8.349966778238118170e-01,-8.621614068220930793e-01,5.822519770729570610e-01,-9.208451734681724066e-01,3.348342918414437541e-02,2.632113213872446789e-01,5.869547363227982650e-01,1.237377716658030202e-01
-5.900241760259605783e-03,8.095683757760292476e-01,3.510430678710718677e-01,8.788679909228904741e-01,2.237424397285141531e-01,-3.917291710338814958e-01,-6.003409795623118050e-01,-8.243378291064384911e-01
-1.018698580153622801e+00,-8.690565707207741353e-01,-6.722935627249897184e-02,-2.641771373796379385e-01,1.438019929094105087e-01,-1.065787908961812303e+00,6.162495575502580092e-01,5.291145055146330156e-01
5.245149633119203791e-01,1.998648079369134134e-01,-9.372075219345443742e-01,3.955846227636226065e-01,1.057178643512135530e-01,-3.693746326445468409e-01,5.033132177046912847e-01,-6.500454684588030663e-01
-9.457859977010557584e-01,8.704052420577318427e-01,6.735353344446508572e-01,9.267683429825003261e-01,-6.175387737560448231e-01,1.071976863809259939e+00,7.613274952129985840e-01,-4.580980270106564389e-01
3.918913253398790264e-01,9.646610345672115283e-01,6.012708663837142975e-01,-8.665607034595341762e-01,-6.917187030681923865e-01,6.616321491700356550e-01,-3.291775915863008883e-01,7.696835771125845049e-01
-6.156390788479070703e-02,3.256671830336921314e-01,-9.232782792490346058e-01,7.381840857160645308e-01,3.224655077445346962e-01,5.617112803916023411e-01,-1.001625246034326816e-01,-6.702061596693176249e-02
4.433063690920042710e-01,-2.697235371185158215e-04,8.297309334317508611e-01,8.718584892263003816e-02,4.089697882174925248e-01,7.709644975510370202e-01,-5.651410805957013395e-02,4.262165883465904859e-01
-9.214102943554197678e-01,6.472196708683133348e-01,-3.181514979368030294e-01,4.689817589417412669e-01,-1.062471240193111899e-01,-1.690715230955687653e+00,-4.139053796430905985e-01,-6.757092832277989958e-01
-1.628739763194770873e-01,2.122404674638813382e-01,2.749837520356322451e-01,-4.045530632321955866e-01,-3.902228786801411609e-01,2.195005608362669142e-02,-3.613096643187348467e-01,-1.480078575754922680e-02
1.935207631868237077e-01,4.253135320578470963e-02,-4.239877845013407809e-01,-1.796991849445282452e-01,-2.648336447903418267e-01,-1.143765645589183588e+00,-1.498247011188499622e-01,-4.411495172603139281e-01
-1.076902248498073256e+00,-1.196379682270339168e-01,-6.455698583305574667e-01,6.202700408074258709e-01,-3.453544821040077095e-01,6.117504395080872737e-01,-2.155236726758931742e-01,3.616785817345907761e-01
-6.376715093914643306e-01,-2.342773717537468270e-01,1.992051921064648123e-01,9.501921745060391000e-01,2.939579415389926842e-01,4.513802472857524062e-02,1.248270710112449056e-01,9.290100381727575130e-01
-8.876084769159524601e-01,3.961123476631451812e-01,1.868222972190227704e-01,-5.780467647949909527e-01,-2.045201282421564848e-01,2.492499569490835842e-01,-9.425141310347051604e-01,-9.627618162819373548e-01
-5.135479396584847755e-01,-7.305441535832204458e-01,1.557940997335842681e-01,-8.940425081351719427e-01,-7.512102341590150001e-01,-6.427318006938302908e-01,-3.900000289720857438e-01,-2.180524263730121426e-01
-1.083578502216067108e+00,-2.254575159456906341e-02,6.447010135505093498e-01,9.842732273077317573e-02,-9.446260378523715362e-01,2.385651032086768542e-01,-8.770095558934125624e-01,-4.586430050268560099e-01
3.445298644554855017e-01,-6.016407008887643126e-01,-5.630350001225802314e-01,1.699475984386533134e-01,-3.930618395422502132e-01,-1.326161006642107530e-02,-1.485240550428929274e-01,6.515777404009821805e-02
9.802206826167270126e-02,-8.498561640119366434e-01,-8.202571665597249151e-01,-5.372023279402323714e-01,-7.475661374416149585e-02,3.400901173266474009e-01,2.128398894458118917e-01,9.550006333975765704e-01
7.004271078972362785e-01,-5.067646024702434637e-01,4.377428065351542386e-01,-8.495429514143830740e-01,1.008878205145394613e+00,7.130000444826894990e-01,5.942180999283488418e-01,7.781246432650708034e-01
7.370212129211055618e-01,-1.420455327126424194e-02,7.032068002526641326e-01,3.060477013330464846e-01,9.053810049680037775e-01,-3.872276689822706786e-01,7.324639728848809650e-01,-6.406336977254301068e-02
-2.063793521906265305e-01,-8.797852967747010755e-01,-8.484203658992373054e-01,-9.961199235852402634e-01,-8.658196007955327733e-01,1.350360216303108096e-01,7.091788260963240997e-01,7.295961079273705074e-01
-5.052628507766183663e-01,8.538795382236354925e-01,-4.563716438424115784e-01,5.856649552649715318e-01,-1.144062359016609021e+00,4.588960824940389593e-01,-5.033737365829904498e-01,-9.531666114767571862e-01
-1.893239439148617920e-01,-2.922596533856485213e-01,-4.861382219380461223e-01,1.141636000418292385e-01,-3.156557220002967901e-01,-1.573907825884973410e-01,1.072498243321613920e+00,-5.252008676992657721e-01
1.510474345409736630e-01,2.848792909826628472e-01,-3.348258651204322200e-01,-9.670716171824712548e-01,-8.161941302445627766e-01,-4.230771824232436584e-01,5.695898285349183104e-02,9.775116415456063246e-01
-6.609018897594441944e-01,4.427238174060454945e-01,6.802078579068943087e-01,3.757078606694254641e-01,-1.004474246597869547e+00,1.309548409093143351e-02,3.515525222653458348e-01,-9.618529341075023054e-02
-2.844958213666606839e-01,-5.508385780606670501e-01,8.393851025150628198e-01,-1.686201360053954379e-02,-8.569287182109824874e-02,7.913475508563208027e-01,1.315537779244513317e+00,-3.373745682698355841e-01
-6.950306123599209185e-01,-8.108651349762391325e-01,7.155444115923775827e-02,1.857098539457012129e-02,-9.238114736522046178e-02,1.172019659983872586e+00,-1.169786536699647383e+00,-1.131484866573958969e+00
3.592519955353736805e-01,8.922025254739625044e-01,2.465297694927579553e-01,-2.465474222199028898e-01,-8.208908754062660407e-01,1.934879351995499874e-02,1.037258725159451167e-02,-2.730112060925216078e-02
2.303984832511682956e-01,-6.080896467329863775e-01,-9.205054736798172765e-01,-4.682194786354870186e-01,6.880513353914005648e-02,6.666581578843798761e-01,7.254065205203137356e-01,-3.275216320209675125e-01
7.423470327784158496e-01,-4.732224623400700381e-01,-9.434840353828435333e-01,-1.193336945811476202e-01,1.038503022694051037e+00,-1.114949944649464175e+00,-5.689439601672627855e-01,-6.434593820351310889e-01
-2.289806640453758146e-01,9.004496420175742699e-01,7.685035446934961045e-02,-5.377966752358754876e-01,6.233201351173656146e-02,-1.039494730462731775e+00,7.069741198552026429e-01,-1.068852138430245624e+00
3.206481335707199731e-01,-4.397556427911465671e-02,-9.963148396346325208e-01,-3.379902063819551494e-01,-1.027431491984786227e+00,6.058719706663497906e-01,7.630737746905373875e-01,4.919038315317130206e-01
8.400953781852362745e-01,-3.269190201986555966e-01,6.194846465208181385e-03,-1.602639426745682272e-01,-9.351447900486262732e-01,-6.404019761119417176e-02,6.472006531791014705e-01,-5.963169694883740934e-01
-1.122907288628274936e+00,-9.161543257485258440e-01,-4.424753883699970580e-01,-8.793084417833312294e-01,-6.806155041530271843e-01,-7.897899131935967043e-01,-2.227831572406054894e-01,-8.987043540651826756e-01
1.980198765354121981e-01,7.006784381830564179e-01,-1.097225129517153341e+00,-1.841925101500908046e-01,4.264984952594209622e-01,-5.443834626780651442e-01,-5.420736888662114339e-01,-8.487262945312450402e-01
-9.976268052824618371e-01,-1.049077834713448398e+00,5.261592375387492970e-02,-8.038566103864736023e-02,-3.965491878792095637e-01,2.542992625408216963e-03,-5.640879639557182523e-01,-4.339739745175922314e-01
-1.762606414106208386e-01,-1.795794487976184461e-01,-8.565266839266062471e-01,-1.101321890828075745e+00,7.825823626085081086e-01,-3.976531357308645820e-01,-8.828654594651725446e-03,-3.689733069333938492e-02
-3.666485282597149453e-01,7.441453185788875491e-01,-7.837206682495037047e-01,-1.474164406724460807e-01,-9.310639989119289250e-01,8.732416167811669627e-01,-8.861844563785590267e-01,8.776565332441179645e-01
4.745052047523765082e-01,1.972322396694563273e-01,8.880436113736700499e-02,-9.824700886929550459e-01,1.084723640135141776e-01,-1.285344599971770307e+00,-5.964693093768689280e-01,-3.139750389444500023e-01
-4.559846758462957061e-01,-1.714997505152675017e-01,2.418603729159269633e-01,-8.583602460377424137e-01,-1.282223310697163443e+00,5.650611376167214983e-01,9.634537009969652566e-01,-1.770579889529257656e-01
-2.758607631610472954e-01,-3.768386122897149360e-01,-8.206216605512495210e-01,6.463114672623720969e-01,-4.869838472956444231e-01,-6.210554967170907326e-02,-1.185604423537728325e+00,4.629378077793984692e-01
-8.587425683925925535e-01,-2.169630078954228047e-01,-9.862086423175941974e-01,7.556046595642104124e-01,-1.364292326701001812e-01,5.432009680348978131e-01,-4.922645894626074825e-01,8.521968863145793494e-01
-1.059350372527405160e+00,7.672019991239560355e-01,6.319180707151789145e-01,7.404318111706854610e-01,1.586217169678134919e-01,1.629979267425867739e+00,1.403584500300243398e+00,-2.715477323704855173e-01
4.886115090801583238e-01,-9.975215226673140867e-01,1.307154566863352185e-01,-3.865700109179331379e-01,-4.888692764063672924e-01,4.215020923338325121e-01,1.103864765953546323e+00,-7.276735397515109449e-01
4.137008632998807611e-01,5.198567609833795178e-01,-6.358822612641328031e-02,7.513907354576030428e-01,5.106401904779459544e-01,7.257383774541813493e-01,-2.627929573024984644e-01,-5.915088071187810798e-02
-3.510589656716650020e-01,6.733010965013271898e-01,-2.402699774602120308e-01,-8.237671334265945777e-01,1.013216661553445697e+00,-1.884117348275448744e+00,-9.455370041373006851e-01,-2.095260215018862355e-03
1.468122364552726378e-01,-9.637836902884986401e-01,-7.299653961469625418e-01,-4.334947060731358243e-02,-6.399816582345895233e-01,-8.020213636116951816e-01,-7.664623446743037416e-01,-1.135276358541844601e-03
8.332959973901932216e-01,-4.904989950159160395e-01,5.391269149440177655e-01,5.327618110665132134e-01,7.061406838522442664e-01,-6.958536326915595316e-01,-1.043077162679698633e+00,-1.418078391631206192e-01
4.173633637884622827e-01,1.808574170359968369e-01,-9.994453445781555923e-01,-1.011750986254111861e+00,-1.724323401287368163e-01,-6.037099352877780545e-01,-5.295206916635113170e-02,-4.663162147418599135e-01
1.836350733308291794e-01,-4.627427708723714783e-01,-6.914060512427362415e-01,1.362466497860068682e-01,-7.606017291113815748e-01,-7.465516110156438234e-01,7.355452935367949863e-01,9.114272036255179898e-01
2.675033289810823112e-01,8.483147057554154546e-01,6.361141472532706384e-03,-7.745371740933191251e-01,-9.235942150794103078e-01,-6.346151967104497471e-01,2.543930642607190595e-01,5.399203234732422030e-02
-5.541755683476513594e-01,-6.043337476029353450e-01,4.921090921042852590e-02,-4.708601874937837217e-01,4.180707875266355122e-01,-1.522475034795275073e-01,-8.416550716658400821e-01,-6.305065848707663845e-02
3.203861054752444315e-01,-2.888562910589074773e-01,-8.286484430054765760e-01,-3.818720579301670970e-01,-1.182953852985905829e+00,-2.126180984079698577e-01,-5.910117831487273765e-01,1.169567241707312855e+00
6.492654703993964160e-01,-2.735775556058033797e-01,9.346513330423127375e-01,1.688190626621211832e-01,2.321280505654207127e-01,2.378965709229549919e-01,-6.167479708841617780e-01,-8.748878488916247420e-01
8.203568424545901738e-01,-2.560774896194726313e-01,2.128840763676926873e-01,5.462796632782018769e-01,-8.905650439172043686e-01,1.867154029453585995e-01,4.897249115075392734e-01,-1.560320964688624024e-01
-7.539035990409473920e-01,-1.957241977550444045e-01,-8.474330321239620378e-01,-5.347303579144446761e-01,-5.175556736000804792e-01,4.639483105983972511e-01,9.895024508480826375e-01,2.327335402397098241e-01
8.267829195659378572e-01,8.279551332262589103e-01,5.556910713222187326e-01,2.236405255471610731e-01,-1.920087218617806124e-01,3.584610831401922604e-01,-1.906853796509537513e-01,1.908108706883537564e-01
7.477869017798663975e-01,-6.669980547353817624e-01,-5.860319294949070112e-01,1.846715275177066573e-01,1.535592653523096818e-01,2.448281059857553288e-01,-1.899177489699299670e-01,-4.480828959839469050e-01
8.086024611740465495e-01,7.138806888727269317e-01,9.774815676125807595e-01,3.131918019449893009e-01,-5.510821425640575200e-01,2.773928214040086715e-01,-8.283016149060131728e-01,-5.069091831787575497e-01
-4.153260274378161032e-01,-1.787033862744504820e-01,1.959280585983518286e-01,-1.545351984523199995e-01,5.874645598530814361e-02,-6.402443287728896149e-01,-3.763514561581304818e-02,9.727070684427463476e-02
-5.902171085221722402e-01,6.875369536452800023e-01,-1.041084636904361593e+00,7.412465822800915483e-01,-7.387984632591589884e-01,-6.536879181768603386e-01,-3.789965628061167657e-01,1.335754341036955173e-01
7.066773952454545871e-01,-6.045917543490486601e-01,-7.602871912249020703e-01,-3.896808594174012708e-01,-7.713144194067433901e-01,-2.339219119563220595e-01,6.207123634279780866e-01,7.877441762909458411e-01
6.289577160915723608e-01,-6.598240180967693824e-01,4.264770091364968319e-01,5.303283208757784140e-01,-2.006085361976086556e-01,1.146412416603012907e-01,1.212929240304537748e+00,3.300332893930795208e-01
-5.801031373387659507e-01,2.596706908383309975e-01,-1.746682184966195928e-01,-6.626117874978006972e-01,1.075705519397398835e-01,-1.641935629219137827e-02,-6.429838770564083594e-02,3.583786898896935136e-01
-7.920113567244519981e-01,-1.848295765532026458e-01,-8.975465007832617026e-02,2.419407361123646627e-01,4.580930018805358106e-01,-7.648223728107474972e-01,5.694630701675165163e-01,3.942846507583475102e-03
-1.361360184414691643e-01,-4.177746839296119785e-01,-6.791356768348140172e-01,2.335722336799417875e-01,1.131929414080913077e+00,4.506905031982171850e-01,3.081950519227197316e-01,3.092579508497197427e-01
-1.069328787161276439e+00,3.463572040833691190e-01,8.202448807776157036e-01,3.050083663623860963e-01,-6.814902578451370596e-01,-1.145562539845378092e-01,-5.312818317725891415e-01,3.777396947658908655e-01
-6.669743712579582207e-01,-3.042221511960450098e-01,3.080464248242253400e-01,5.122057793975847151e-01,-5.361507272485351860e-01,8.320305805825768675e-02,5.969862174785309783e-01,-3.874817465334641220e-01
-2.469745036048901776e-01,-1.474905513449902006e-01,7.364332255857388709e-01,-6.077149238087754535e-01,8.790512027935601935e-01,-6.944096084955972414e-02,3.902126784988688701e-01,4.783723894558476464e-01
-9.321914443720860088e-01,-3.647070891715540331e-01,-1.294325355976519987e-01,-8.517626171578718264e-02,5.673689645752137967e-01,2.816111127014808702e-02,8.431214938129572012e-02,8.046609794301449181e-01
3.116333502101826802e-01,1.359101470704084935e-01,2.871672287053939066e-01,1.167050928255466413e-01,9.243938652451493265e-01,-4.591990984745559778e-01,-6.068033903627445547e-02,2.019639644988637794e-01
3.352948738430104880e-01,6.251127848335221726e-01,9.395204018433561677e-01,4.707659059449284533e-01,-1.109308096319838954e+00,2.539509424319255637e-01,4.873317826090695637e-01,-1.180693458553249003e-01
7.571802043720851083e-01,6.720080048944663265e-01,-1.520620317765600804e-01,5.819329161926951599e-01,8.884932708402387691e-01,-9.236108289584693543e-01,-8.663403369414519606e-01,-6.056837042171467900e-01
2.027932599690818183e-01,1.693494694272873469e-01,-3.368612934878446041e-01,-7.983607755752278878e-01,5.647617672410945033e-01,3.690909075891815605e-01,-5.054156399224001284e-01,1.115123550799179908e+00
7.119345242334647050e-01,-8.279546924190903656e-01,7.822142587755205323e-01,9.311173538655093118e-01,4.141503669155386369e-01,-2.052672613376624877e-01,-8.773035382064886534e-02,9.425780757503623430e-01
-6.536916059999061668e-01,-4.017717885396834276e-01,8.417213140939141525e-01,4.369215669503542787e-01,7.466998580401341679e-01,1.840441857311412299e-01,6.537236308135148111e-01,-3.358810544486323657e-01
-2.913203233683231419e-01,-1.031351505145215564e+00,-2.173385337879650825e-01,-7.681799724978262134e-01,-1.279668900226182127e-01,-4.472602819889646142e-01,6.983474078324467538e-01,8.303235631420917695e-01
9.623821297505177341e-01,-7.138955412235328257e-01,-9.693549871408808638e-01,1.810148845410621821e-01,1.190362491160559255e-01,-2.923436510189978410e-01,7.546537030494682163e-01,7.004172940903798938e-01
-8.045706708953931363e-01,6.072124910735525738e-01,5.008890994285326581e-01,4.578913655203446509e-01,4.464616377370315137e-01,-7.412816644194850646e-01,8.141740820031072579e-01,4.791976124820102045e-02
-1.397394750845899758e-01,-7.724699315458336546e-01,8.021014379135615879e-01,5.239543454877305662e-01,2.862569379084246579e-01,5.219841348181187834e-01,-7.390255861708647789e-01,-1.168948240696600749e+00
-1.858959410980020599e-01,-9.437498917395971132e-01,-3.552037462402573564e-01,-7.946424511249722267e-01,-6.958315317330361349e-01,-3.436103621553522891e-01,-8.353758143761209620e-01,1.102936073221457924e+00
7.461948764932878619e-01,-8.356873194210935329e-01,5.462603179347020887e-01,-1.688800685828529061e-02,8.899479088123369852e-01,-1.166062437458140616e-01,-2.980963682903799428e-01,1.162486270121727491e-02
2.646917108923976802e-01,-9.841382959455354795e-01,-2.831551141802471361e-01,4.295899615831415275e-02,-7.552704624326394001e-01,-2.665157984930349722e-01,-1.054822495535007842e+00,5.290576473715211669e-01
-1.646153126060401206e-01,-6.339867571353989539e-02,-1.657308364288861968e-01,-1.324912906416907399e-01,6.654024491986844092e-01,-6.834105400304940625e-01,7.583560503521706575e-02,-8.153437957268563352e-01
7.568916295913324932e-01,-7.919765105298905983e-01,3.813418430313421648e-01,-8.212698807793128442e-01,9.706721250181802318e-01,-5.198230126296811138e-01,-8.712547629740554633e-01,4.542012273247115761e-01
-7.591309253899581888e-01,-6.307526137922665477e-01,5.606504400301528523e-01,1.053508811027396019e-01,-1.589003674020880996e-01,-3.480645773197309917e-02,7.330533801264038640e-01,-6.418196767001691505e-01
9.085868943610418691e-02,6.939409382367502932e-01,4.024340952628557844e-01,3.855471069745542434e-01,-1.183993420476401104e+00,-1.395191692174024278e-01,3.200126458119103567e-01,7.252962655346706367e-01
1.380275375272986826e-01,-8.022811568800348736e-01,-7.885598125735747699e-01,-1.318424965860067744e-01,-1.061039552560194998e+00,-1.185467233197340597e+00,4.466914676755190383e-01,6.866956803054091729e-01
-8.266594013875303570e-01,7.730681681764969282e-01,6.610152085255096566e-01,-1.440064556785139727e-01,4.316264279678548865e-01,-1.729389933425173442e+00,3.696904839045028757e-01,4.816083553217579034e-03
